Name,Activate,Aggravate,Blessed,Blows,BrandAcid,BrandCold,BrandElec,BrandFire,BrandPois,Cha,Chaotic,Con,Cost,Cursed,Dex,DrainExp,DreadCurse,EasyKnow,Feather,FreeAct,FriendlyName,HeavyCurse,HideType,HoldLife,IgnoreAcid,IgnoreCold,IgnoreElec,IgnoreFire,ImAcid,ImCold,ImElec,ImFire,Impact,Infra,InstaArt,Int,KillDragon,Level,Lightsource,MaxPval,MaxToA,MaxToD,MaxToH,NoMagic,NoTele,PermaCurse,RareItemType,Rarity,Rating,Reflect,Regen,ResAcid,ResBlind,ResChaos,ResCold,ResConf,ResDark,ResDisen,ResElec,ResFear,ResFire,ResLight,ResNether,ResNexus,ResPois,ResShards,ResSound,Search,SeeInvis,ShElec,ShFire,ShowMods,SlayAnimal,SlayDemon,SlayDragon,SlayEvil,SlayGiant,SlayOrc,SlayTroll,SlayUndead,Slot,SlowDigest,Speed,Stealth,Str,SustCha,SustCon,SustDex,SustInt,SustStr,SustWis,Telepathy,Teleport,Tunnel,Vampiric,Vorpal,Wis,Wraith,XtraMight,XtraShots,Character,Colour
Ammo of Backbiting,False,False,False,False,False,False,False,False,False,False,False,False,0,False,False,False,False,False,False,False,of Backbiting,False,False,False,False,False,False,False,False,False,False,False,False,False,False,False,False,0,False,0,0,50,50,False,False,False,AmmoOfBackbiting,0,0,False,False,False,False,False,False,False,False,False,False,False,False,False,False,False,False,False,False,False,False,False,False,False,False,False,False,False,False,False,False,False,23,False,False,False,False,False,False,False,False,False,False,False,False,False,False,False,False,False,False,False,{,BrightBrown
Ammo of Flame,False,False,False,False,False,False,False,True,False,False,False,False,30,False,False,False,False,False,False,False,of Flame,False,False,False,False,False,False,True,False,False,False,False,False,False,False,False,False,0,False,0,0,0,0,False,False,False,AmmoOfFlame,0,10,False,False,False,False,False,False,False,False,False,False,False,False,False,False,False,False,False,False,False,False,False,False,False,False,False,False,False,False,False,False,False,23,False,False,False,False,False,False,False,False,False,False,False,False,False,False,False,False,False,False,False,{,BrightBrown
Ammo of Frost,False,False,False,False,False,True,False,False,False,False,False,False,25,False,False,False,False,False,False,False,of Frost,False,False,False,False,True,False,False,False,False,False,False,False,False,False,False,False,0,False,0,0,0,0,False,False,False,AmmoOfFrost,0,10,False,False,False,False,False,False,False,False,False,False,False,False,False,False,False,False,False,False,False,False,False,False,False,False,False,False,False,False,False,False,False,23,False,False,False,False,False,False,False,False,False,False,False,False,False,False,False,False,False,False,False,{,BrightBrown
Ammo of Hurt Animal,False,False,False,False,False,False,False,False,False,False,False,False,25,False,False,False,False,False,False,False,of Hurt Animal,False,False,False,False,False,False,False,False,False,False,False,False,False,False,False,False,0,False,0,0,0,0,False,False,False,AmmoOfHurtAnimal,0,10,False,False,False,False,False,False,False,False,False,False,False,False,False,False,False,False,False,False,False,False,False,False,False,True,False,False,False,False,False,False,False,23,False,False,False,False,False,False,False,False,False,False,False,False,False,False,False,False,False,False,False,{,BrightBrown
Ammo of Hurt Dragon,False,False,False,False,False,False,False,False,False,False,False,False,35,False,False,False,False,False,False,False,of Hurt Dragon,False,False,False,False,False,False,False,False,False,False,False,False,False,False,False,False,0,False,0,0,0,0,False,False,False,AmmoOfHurtDragon,0,10,False,False,False,False,False,False,False,False,False,False,False,False,False,False,False,False,False,False,False,False,False,False,False,False,False,True,False,False,False,False,False,23,False,False,False,False,False,False,False,False,False,False,False,False,False,False,False,False,False,False,False,{,BrightBrown
Ammo of Hurt Evil,False,False,False,False,False,False,False,False,False,False,False,False,25,False,False,False,False,False,False,False,of Hurt Evil,False,False,False,False,False,False,False,False,False,False,False,False,False,False,False,False,0,False,0,0,0,0,False,False,False,AmmoOfHurtEvil,0,10,False,False,False,False,False,False,False,False,False,False,False,False,False,False,False,False,False,False,False,False,False,False,False,False,False,False,True,False,False,False,False,23,False,False,False,False,False,False,False,False,False,False,False,False,False,False,False,False,False,False,False,{,BrightBrown
Ammo of Shocking,False,False,False,False,False,False,True,False,False,False,False,False,30,False,False,False,False,False,False,False,of Shocking,False,False,False,False,False,True,False,False,False,False,False,False,False,False,False,False,0,False,0,0,0,0,False,False,False,AmmoOfShocking,0,10,False,False,False,False,False,False,False,False,False,False,False,False,False,False,False,False,False,False,False,False,False,False,False,False,False,False,False,False,False,False,False,23,False,False,False,False,False,False,False,False,False,False,False,False,False,False,False,False,False,False,False,{,BrightBrown
Ammo of Slaying,False,False,False,False,False,False,False,False,False,False,False,False,20,False,False,False,False,False,False,False,of Slaying,False,False,False,False,False,False,False,False,False,False,False,False,False,False,False,False,0,False,0,0,12,12,False,False,False,AmmoOfSlaying,0,15,False,False,False,False,False,False,False,False,False,False,False,False,False,False,False,False,False,False,False,False,False,False,False,False,False,False,False,False,False,False,False,23,False,False,False,False,False,False,False,False,False,False,False,False,False,False,False,False,False,False,False,{,BrightBrown
Ammo of Wounding,False,False,False,False,False,False,False,False,False,False,False,False,20,False,False,False,False,False,False,False,of Wounding,False,False,False,False,False,False,False,False,False,False,False,False,False,False,False,False,0,False,0,0,6,6,False,False,False,AmmoOfWounding,0,5,False,False,False,False,False,False,False,False,False,False,False,False,False,False,False,False,False,False,False,False,False,False,False,False,False,False,False,False,False,False,False,23,False,False,False,False,False,False,False,False,False,False,False,False,False,False,False,False,False,False,False,{,BrightBrown
Armour (Blasted),False,False,False,False,False,False,False,False,False,False,False,False,0,False,False,False,False,False,False,False,(Blasted),False,False,False,False,False,False,False,False,False,False,False,False,False,False,False,False,0,False,0,10,0,0,False,False,False,ArmourBlasted,0,0,False,False,False,False,False,False,False,False,False,False,False,False,False,False,False,False,False,False,False,False,False,False,False,False,False,False,False,False,False,False,False,30,False,False,False,False,False,False,False,False,False,False,False,False,False,False,False,False,False,False,False,[,Grey
Armour of Permanence,False,False,False,False,False,False,False,False,False,False,False,False,30000,False,False,False,False,False,False,False,of Permanence,False,False,True,True,True,True,True,False,False,False,False,False,False,False,False,False,0,False,0,10,0,0,False,False,False,ArmourOfPermanence,0,30,False,False,True,False,False,True,False,False,False,True,False,True,False,False,False,False,False,False,False,False,False,False,False,False,False,False,False,False,False,False,False,30,False,False,False,False,True,True,True,True,True,True,False,False,False,False,False,False,False,False,False,[,Grey
Armour of Resist Acid,False,False,False,False,False,False,False,False,False,False,False,False,1000,False,False,False,False,False,False,False,of Resist Acid,False,False,False,True,False,False,False,False,False,False,False,False,False,False,False,False,0,False,0,0,0,0,False,False,False,ArmourOfResistAcid,0,16,False,False,True,False,False,False,False,False,False,False,False,False,False,False,False,False,False,False,False,False,False,False,False,False,False,False,False,False,False,False,False,30,False,False,False,False,False,False,False,False,False,False,False,False,False,False,False,False,False,False,False,[,Grey
Armour of Resist Cold,False,False,False,False,False,False,False,False,False,False,False,False,600,False,False,False,False,False,False,False,of Resist Cold,False,False,False,False,True,False,False,False,False,False,False,False,False,False,False,False,0,False,0,0,0,0,False,False,False,ArmourOfResistCold,0,12,False,False,False,False,False,True,False,False,False,False,False,False,False,False,False,False,False,False,False,False,False,False,False,False,False,False,False,False,False,False,False,30,False,False,False,False,False,False,False,False,False,False,False,False,False,False,False,False,False,False,False,[,Grey
Armour of Resist Fire,False,False,False,False,False,False,False,False,False,False,False,False,800,False,False,False,False,False,False,False,of Resist Fire,False,False,False,False,False,False,True,False,False,False,False,False,False,False,False,False,0,False,0,0,0,0,False,False,False,ArmourOfResistFire,0,14,False,False,False,False,False,False,False,False,False,False,False,True,False,False,False,False,False,False,False,False,False,False,False,False,False,False,False,False,False,False,False,30,False,False,False,False,False,False,False,False,False,False,False,False,False,False,False,False,False,False,False,[,Grey
Armour of Resist Lightning,False,False,False,False,False,False,False,False,False,False,False,False,400,False,False,False,False,False,False,False,of Resist Lightning,False,False,False,False,False,True,False,False,False,False,False,False,False,False,False,False,0,False,0,0,0,0,False,False,False,ArmourOfResistLightning,0,10,False,False,False,False,False,False,False,False,False,True,False,False,False,False,False,False,False,False,False,False,False,False,False,False,False,False,False,False,False,False,False,30,False,False,False,False,False,False,False,False,False,False,False,False,False,False,False,False,False,False,False,[,Grey
Armour of Resistance,False,False,False,False,False,False,False,False,False,False,False,False,12500,False,False,False,False,False,False,False,of Resistance,False,False,False,True,True,True,True,False,False,False,False,False,False,False,False,False,0,False,0,10,0,0,False,False,False,ArmourOfResistance,0,20,False,False,True,False,False,True,False,False,False,True,False,True,False,False,False,False,False,False,False,False,False,False,False,False,False,False,False,False,False,False,False,30,False,False,False,False,False,False,False,False,False,False,False,False,False,False,False,False,False,False,False,[,Grey
Armour of Yith,False,False,False,False,False,False,False,False,False,False,False,False,15000,False,False,False,False,False,False,False,of Yith,False,False,False,True,True,True,True,False,False,False,False,False,False,False,False,False,0,False,3,10,0,0,False,False,False,ArmourOfYith,0,25,False,False,True,False,False,True,False,False,False,True,False,True,False,False,False,False,False,False,False,False,False,False,False,False,False,False,False,False,False,False,False,30,False,False,True,False,False,False,False,False,False,False,False,False,False,False,False,False,False,False,False,[,Grey
Boots (Winged),False,False,False,False,False,False,False,False,False,False,False,False,250,False,False,False,False,False,True,False,(Winged),False,False,False,False,False,False,False,False,False,False,False,False,False,False,False,False,0,False,0,0,0,0,False,False,False,BootsWinged,0,7,False,False,False,False,False,False,False,False,False,False,False,False,False,False,False,False,False,False,False,False,False,False,False,False,False,False,False,False,False,False,False,35,False,False,False,False,False,False,False,False,False,False,False,False,False,False,False,False,False,False,False,],BrightBrown
Boots of Annoyance,False,True,False,False,False,False,False,False,False,False,False,False,0,False,False,False,False,False,False,False,of Annoyance,False,False,False,False,False,False,False,False,False,False,False,False,False,False,False,False,0,False,10,0,0,0,False,False,False,BootsOfAnnoyance,0,0,False,False,False,False,False,False,False,False,False,False,False,False,False,False,False,False,False,False,False,False,False,False,False,False,False,False,False,False,False,False,False,35,False,True,False,False,False,False,False,False,False,False,False,False,False,False,False,False,False,False,False,],BrightBrown
Boots of Free Action,False,False,False,False,False,False,False,False,False,False,False,False,1000,False,False,False,False,False,False,True,of Free Action,False,False,False,False,False,False,False,False,False,False,False,False,False,False,False,False,0,False,0,0,0,0,False,False,False,BootsOfFreeAction,0,15,False,False,False,False,False,False,False,False,False,False,False,False,False,False,False,False,False,False,False,False,False,False,False,False,False,False,False,False,False,False,False,35,False,False,False,False,False,False,False,False,False,False,False,False,False,False,False,False,False,False,False,],BrightBrown
Boots of Noise,False,True,False,False,False,False,False,False,False,False,False,False,0,False,False,False,False,False,False,False,of Noise,False,False,False,False,False,False,False,False,False,False,False,False,False,False,False,False,0,False,0,0,0,0,False,False,False,BootsOfNoise,0,0,False,False,False,False,False,False,False,False,False,False,False,False,False,False,False,False,False,False,False,False,False,False,False,False,False,False,False,False,False,False,False,35,False,False,False,False,False,False,False,False,False,False,False,False,False,False,False,False,False,False,False,],BrightBrown
Boots of Slowness,False,False,False,False,False,False,False,False,False,False,False,False,0,False,False,False,False,False,False,False,of Slowness,False,False,False,False,False,False,False,False,False,False,False,False,False,False,False,False,0,False,5,0,0,0,False,False,False,BootsOfSlowness,0,0,False,False,False,False,False,False,False,False,False,False,False,False,False,False,False,False,False,False,False,False,False,False,False,False,False,False,False,False,False,False,False,35,False,True,False,False,False,False,False,False,False,False,False,False,False,False,False,False,False,False,False,],BrightBrown
Boots of Speed,False,False,False,False,False,False,False,False,False,False,False,False,200000,False,False,False,False,False,False,False,of Speed,False,True,False,False,False,False,False,False,False,False,False,False,False,False,False,False,0,False,10,0,0,0,False,False,False,BootsOfSpeed,0,25,False,False,False,False,False,False,False,False,False,False,False,False,False,False,False,False,False,False,False,False,False,False,False,False,False,False,False,False,False,False,False,35,False,True,False,False,False,False,False,False,False,False,False,False,False,False,False,False,False,False,False,],BrightBrown
Boots of Stealth,False,False,False,False,False,False,False,False,False,False,False,False,500,False,False,False,False,False,False,False,of Stealth,False,False,False,False,False,False,False,False,False,False,False,False,False,False,False,False,0,False,3,0,0,0,False,False,False,BootsOfStealth,0,16,False,False,False,False,False,False,False,False,False,False,False,False,False,False,False,False,False,False,False,False,False,False,False,False,False,False,False,False,False,False,False,35,False,False,True,False,False,False,False,False,False,False,False,False,False,False,False,False,False,False,False,],BrightBrown
Bow of Accuracy,False,False,False,False,False,False,False,False,False,False,False,False,1000,False,False,False,False,False,False,False,of Accuracy,False,False,False,False,False,False,False,False,False,False,False,False,False,False,False,False,0,False,0,0,5,15,False,False,False,BowOfAccuracy,0,10,False,False,False,False,False,False,False,False,False,False,False,False,False,False,False,False,False,False,False,False,False,False,False,False,False,False,False,False,False,False,False,25,False,False,False,False,False,False,False,False,False,False,False,False,False,False,False,False,False,False,False,},Brown
Bow of Extra Might,False,False,False,False,False,False,False,False,False,False,False,False,10000,False,False,False,False,False,False,False,of Extra Might,False,False,False,False,False,False,False,False,False,False,False,False,False,False,False,False,0,False,0,0,10,5,False,False,False,BowOfExtraMight,0,20,False,False,False,False,False,False,False,False,False,False,False,False,False,False,False,False,False,False,False,False,False,False,False,False,False,False,False,False,False,False,False,25,False,False,False,False,False,False,False,False,False,False,False,False,False,False,False,False,False,True,False,},Brown
Bow of Extra Shots,False,False,False,False,False,False,False,False,False,False,False,False,10000,False,False,False,False,False,False,False,of Extra Shots,False,False,False,False,False,False,False,False,False,False,False,False,False,False,False,False,0,False,0,0,5,10,False,False,False,BowOfExtraShots,0,20,False,False,False,False,False,False,False,False,False,False,False,False,False,False,False,False,False,False,False,False,False,False,False,False,False,False,False,False,False,False,False,25,False,False,False,False,False,False,False,False,False,False,False,False,False,False,False,False,False,False,True,},Brown
Bow of Velocity,False,False,False,False,False,False,False,False,False,False,False,False,1000,False,False,False,False,False,False,False,of Velocity,False,False,False,False,False,False,False,False,False,False,False,False,False,False,False,False,0,False,0,0,15,5,False,False,False,BowOfVelocity,0,10,False,False,False,False,False,False,False,False,False,False,False,False,False,False,False,False,False,False,False,False,False,False,False,False,False,False,False,False,False,False,False,25,False,False,False,False,False,False,False,False,False,False,False,False,False,False,False,False,False,False,False,},Brown
Cloak of Aman,False,False,False,False,False,False,False,False,False,False,False,False,4000,False,False,False,False,False,False,False,of Aman,False,False,False,True,True,True,True,False,False,False,False,False,False,False,False,False,0,False,3,20,0,0,False,False,False,CloakOfAman,0,20,False,False,False,False,False,False,False,False,False,False,False,False,False,False,False,False,False,False,False,False,False,False,False,False,False,False,False,False,False,False,False,31,False,False,True,False,False,False,False,False,False,False,False,False,False,False,False,False,False,False,False,(,BrightBrown
Cloak of Electricity,False,False,False,False,False,False,False,False,False,False,False,False,4000,False,False,False,False,False,False,False,of Electricity,False,False,False,True,False,True,False,False,False,False,False,False,False,False,False,False,0,False,0,4,0,0,False,False,False,CloakOfElectricity,0,16,False,False,False,False,False,False,False,False,False,True,False,False,False,False,False,False,False,False,False,False,True,False,False,False,False,False,False,False,False,False,False,31,False,False,False,False,False,False,False,False,False,False,False,False,False,False,False,False,False,False,False,(,BrightBrown
Cloak of Enveloping,False,False,False,False,False,False,False,False,False,False,False,False,0,False,False,False,False,False,False,False,of Enveloping,False,False,False,False,False,False,False,False,False,False,False,False,False,False,False,False,0,False,0,0,10,10,False,False,False,CloakOfEnveloping,0,0,False,False,False,False,False,False,False,False,False,False,False,False,False,False,False,False,False,False,False,False,False,False,True,False,False,False,False,False,False,False,False,31,False,False,False,False,False,False,False,False,False,False,False,False,False,False,False,False,False,False,False,(,BrightBrown
Cloak of Immolation,False,False,False,False,False,False,False,False,False,False,False,False,4000,False,False,False,False,False,False,False,of Immolation,False,False,False,True,False,False,True,False,False,False,False,False,False,False,False,False,0,False,0,4,0,0,False,False,False,CloakOfImmolation,0,16,False,False,False,False,False,False,False,False,False,False,False,True,False,False,False,False,False,False,False,False,False,True,False,False,False,False,False,False,False,False,False,31,False,False,False,False,False,False,False,False,False,False,False,False,False,False,False,False,False,False,False,(,BrightBrown
Cloak of Irritation,False,True,False,False,False,False,False,False,False,False,False,False,0,False,False,False,False,False,False,False,of Irritation,False,False,False,False,False,False,False,False,False,False,False,False,False,False,False,False,0,False,0,0,15,15,False,False,False,CloakOfIrritation,0,0,False,False,False,False,False,False,False,False,False,False,False,False,False,False,False,False,False,False,False,False,False,False,True,False,False,False,False,False,False,False,False,31,False,False,False,False,False,False,False,False,False,False,False,False,False,False,False,False,False,False,False,(,BrightBrown
Cloak of Protection,False,False,False,False,False,False,False,False,False,False,False,False,500,False,False,False,False,False,False,False,of Protection,False,False,False,True,True,True,True,False,False,False,False,False,False,False,False,False,0,False,0,10,0,0,False,False,False,CloakOfProtection,0,10,False,False,False,False,False,False,False,False,False,False,False,False,False,False,False,False,False,False,False,False,False,False,False,False,False,False,False,False,False,False,False,31,False,False,False,False,False,False,False,False,False,False,False,False,False,False,False,False,False,False,False,(,BrightBrown
Cloak of Stealth,False,False,False,False,False,False,False,False,False,False,False,False,500,False,False,False,False,False,False,False,of Stealth,False,False,False,False,False,False,False,False,False,False,False,False,False,False,False,False,0,False,3,0,0,0,False,False,False,CloakOfStealth,0,10,False,False,False,False,False,False,False,False,False,False,False,False,False,False,False,False,False,False,False,False,False,False,False,False,False,False,False,False,False,False,False,31,False,False,True,False,False,False,False,False,False,False,False,False,False,False,False,False,False,False,False,(,BrightBrown
Cloak of Vulnerability,False,True,False,False,False,False,False,False,False,False,False,False,0,False,False,False,False,False,False,False,of Vulnerability,False,False,False,False,False,False,False,False,False,False,False,False,False,False,False,False,0,False,0,50,0,0,False,False,False,CloakOfVulnerability,0,0,False,False,False,False,False,False,False,False,False,False,False,False,False,False,False,False,False,False,False,False,False,False,False,False,False,False,False,False,False,False,False,31,False,False,False,False,False,False,False,False,False,False,False,False,False,False,False,False,False,False,False,(,BrightBrown
Gloves of Agility,False,False,False,False,False,False,False,False,False,False,False,False,1000,False,True,False,False,False,False,False,of Agility,False,True,False,False,False,False,False,False,False,False,False,False,False,False,False,False,0,False,5,0,0,0,False,False,False,GlovesOfAgility,0,14,False,False,False,False,False,False,False,False,False,False,False,False,False,False,False,False,False,False,False,False,False,False,False,False,False,False,False,False,False,False,False,34,False,False,False,False,False,False,False,False,False,False,False,False,False,False,False,False,False,False,False,],BrightBrown
Gloves of Clumsiness,False,False,False,False,False,False,False,False,False,False,False,False,0,False,True,False,False,False,False,False,of Clumsiness,False,False,False,False,False,False,False,False,False,False,False,False,False,False,False,False,0,False,10,0,0,0,False,False,False,GlovesOfClumsiness,0,0,False,False,False,False,False,False,False,False,False,False,False,False,False,False,False,False,False,False,False,False,False,False,False,False,False,False,False,False,False,False,False,34,False,False,False,False,False,False,False,False,False,False,False,False,False,False,False,False,False,False,False,],BrightBrown
Gloves of Free Action,False,False,False,False,False,False,False,False,False,False,False,False,1000,False,False,False,False,False,False,True,of Free Action,False,False,False,False,False,False,False,False,False,False,False,False,False,False,False,False,0,False,0,0,0,0,False,False,False,GlovesOfFreeAction,0,11,False,False,False,False,False,False,False,False,False,False,False,False,False,False,False,False,False,False,False,False,False,False,False,False,False,False,False,False,False,False,False,34,False,False,False,False,False,False,False,False,False,False,False,False,False,False,False,False,False,False,False,],BrightBrown
Gloves of Power,False,False,False,False,False,False,False,False,False,False,False,False,2500,False,False,False,False,False,False,False,of Power,False,True,False,False,False,False,False,False,False,False,False,False,False,False,False,False,0,False,5,0,5,5,False,False,False,GlovesOfPower,0,22,False,False,False,False,False,False,False,False,False,False,False,False,False,False,False,False,False,False,False,False,False,False,True,False,False,False,False,False,False,False,False,34,False,False,False,True,False,False,False,False,False,False,False,False,False,False,False,False,False,False,False,],BrightBrown
Gloves of Slaying,False,False,False,False,False,False,False,False,False,False,False,False,1500,False,False,False,False,False,False,False,of Slaying,False,False,False,False,False,False,False,False,False,False,False,False,False,False,False,False,0,False,0,0,6,6,False,False,False,GlovesOfSlaying,0,17,False,False,False,False,False,False,False,False,False,False,False,False,False,False,False,False,False,False,False,False,False,False,True,False,False,False,False,False,False,False,False,34,False,False,False,False,False,False,False,False,False,False,False,False,False,False,False,False,False,False,False,],BrightBrown
Gloves of Weakness,False,False,False,False,False,False,False,False,False,False,False,False,0,False,False,False,False,False,False,False,of Weakness,False,False,False,False,False,False,False,False,False,False,False,False,False,False,False,False,0,False,10,0,0,0,False,False,False,GlovesOfWeakness,0,0,False,False,False,False,False,False,False,False,False,False,False,False,False,False,False,False,False,False,False,False,False,False,False,False,False,False,False,False,False,False,False,34,False,False,False,True,False,False,False,False,False,False,False,False,False,False,False,False,False,False,False,],BrightBrown
Hat of Beauty,False,False,False,False,False,False,False,False,False,True,False,False,1000,False,False,False,False,False,False,False,of Beauty,False,False,False,False,False,False,False,False,False,False,False,False,False,False,False,False,0,False,4,0,0,0,False,False,False,HatOfBeauty,0,8,False,False,False,False,False,False,False,False,False,False,False,False,False,False,False,False,False,False,False,False,False,False,False,False,False,False,False,False,False,False,False,33,False,False,False,False,True,False,False,False,False,False,False,False,False,False,False,False,False,False,False,],Brown
Hat of Infravision,False,False,False,False,False,False,False,False,False,False,False,False,500,False,False,False,False,False,False,False,of Infravision,False,True,False,False,False,False,False,False,False,False,False,False,True,False,False,False,0,False,5,0,0,0,False,False,False,HatOfInfravision,0,11,False,False,False,False,False,False,False,False,False,False,False,False,False,False,False,False,False,False,False,False,False,False,False,False,False,False,False,False,False,False,False,33,False,False,False,False,False,False,False,False,False,False,False,False,False,False,False,False,False,False,False,],Brown
Hat of Intelligence,False,False,False,False,False,False,False,False,False,False,False,False,500,False,False,False,False,False,False,False,of Intelligence,False,False,False,False,False,False,False,False,False,False,False,False,False,False,True,False,0,False,2,0,0,0,False,False,False,HatOfIntelligence,0,13,False,False,False,False,False,False,False,False,False,False,False,False,False,False,False,False,False,False,False,False,False,False,False,False,False,False,False,False,False,False,False,33,False,False,False,False,False,False,False,True,False,False,False,False,False,False,False,False,False,False,False,],Brown
Hat of Light,False,False,False,False,False,False,False,False,False,False,False,False,500,False,False,False,False,False,False,False,of Light,False,False,False,False,False,False,False,False,False,False,False,False,False,False,False,False,0,True,0,0,0,0,False,False,False,HatOfLight,0,6,False,False,False,False,False,False,False,False,False,False,False,False,True,False,False,False,False,False,False,False,False,False,False,False,False,False,False,False,False,False,False,33,False,False,False,False,False,False,False,False,False,False,False,False,False,False,False,False,False,False,False,],Brown
Hat of Lordliness,False,False,False,False,False,False,False,False,False,True,False,False,2000,False,False,False,False,False,False,False,of Lordliness,False,False,False,False,False,False,False,False,False,False,False,False,False,False,False,False,0,False,3,0,0,0,False,False,False,HatOfLordliness,0,17,False,False,False,False,False,False,False,False,False,False,False,False,False,False,False,False,False,False,False,False,False,False,False,False,False,False,False,False,False,False,False,33,False,False,False,False,True,False,False,False,False,True,False,False,False,False,False,True,False,False,False,],Brown
Hat of Might,False,False,False,False,False,False,False,False,False,False,False,True,2000,False,True,False,False,False,False,True,of Might,False,False,False,False,False,False,False,False,False,False,False,False,False,False,False,False,0,False,3,0,0,0,False,False,False,HatOfMight,0,19,False,False,False,False,False,False,False,False,False,False,False,False,False,False,False,False,False,False,False,False,False,False,False,False,False,False,False,False,False,False,False,33,False,False,False,True,False,True,True,False,True,False,False,False,False,False,False,False,False,False,False,],Brown
Hat of Naivety,False,False,False,False,False,False,False,False,False,False,False,False,0,False,False,False,False,False,False,False,of Naivety,False,False,False,False,False,False,False,False,False,False,False,False,False,False,False,False,0,False,5,0,0,0,False,False,False,HatOfNaivety,0,0,False,False,False,False,False,False,False,False,False,False,False,False,False,False,False,False,False,False,False,False,False,False,False,False,False,False,False,False,False,False,False,33,False,False,False,False,False,False,False,False,False,False,False,False,False,False,False,True,False,False,False,],Brown
Hat of Regeneration,False,False,False,False,False,False,False,False,False,False,False,False,1500,False,False,False,False,False,False,False,of Regeneration,False,False,False,False,False,False,False,False,False,False,False,False,False,False,False,False,0,False,0,0,0,0,False,False,False,HatOfRegeneration,0,10,False,True,False,False,False,False,False,False,False,False,False,False,False,False,False,False,False,False,False,False,False,False,False,False,False,False,False,False,False,False,False,33,False,False,False,False,False,False,False,False,False,False,False,False,False,False,False,False,False,False,False,],Brown
Hat of Seeing,False,False,False,False,False,False,False,False,False,False,False,False,1000,False,False,False,False,False,False,False,of Seeing,False,False,False,False,False,False,False,False,False,False,False,False,False,False,False,False,0,False,5,0,0,0,False,False,False,HatOfSeeing,0,8,False,False,False,True,False,False,False,False,False,False,False,False,False,False,False,False,False,False,True,True,False,False,False,False,False,False,False,False,False,False,False,33,False,False,False,False,False,False,False,False,False,False,False,False,False,False,False,False,False,False,False,],Brown
Hat of Sickliness,False,False,False,False,False,False,False,False,False,False,False,True,0,False,True,False,False,False,False,False,of Sickliness,False,False,False,False,False,False,False,False,False,False,False,False,False,False,False,False,0,False,5,0,0,0,False,False,False,HatOfSickliness,0,0,False,False,False,False,False,False,False,False,False,False,False,False,False,False,False,False,False,False,False,False,False,False,False,False,False,False,False,False,False,False,False,33,False,False,False,True,False,False,False,False,False,False,False,False,False,False,False,False,False,False,False,],Brown
Hat of Stupidity,False,False,False,False,False,False,False,False,False,False,False,False,0,False,False,False,False,False,False,False,of Stupidity,False,False,False,False,False,False,False,False,False,False,False,False,False,False,True,False,0,False,5,0,0,0,False,False,False,HatOfStupidity,0,0,False,False,False,False,False,False,False,False,False,False,False,False,False,False,False,False,False,False,False,False,False,False,False,False,False,False,False,False,False,False,False,33,False,False,False,False,False,False,False,False,False,False,False,False,False,False,False,False,False,False,False,],Brown
Hat of Telepathy,False,False,False,False,False,False,False,False,False,False,False,False,50000,False,False,False,False,False,False,False,of Telepathy,False,False,False,False,False,False,False,False,False,False,False,False,False,False,False,False,0,False,0,0,0,0,False,False,False,HatOfTelepathy,0,20,False,False,False,False,False,False,False,False,False,False,False,False,False,False,False,False,False,False,False,False,False,False,False,False,False,False,False,False,False,False,False,33,False,False,False,False,False,False,False,False,False,False,True,False,False,False,False,False,False,False,False,],Brown
Hat of Teleportation,False,False,False,False,False,False,False,False,False,False,False,False,0,False,False,False,False,False,False,False,of Teleportation,False,False,False,False,False,False,False,False,False,False,False,False,False,False,False,False,0,False,0,0,0,0,False,False,False,HatOfTeleportation,0,0,False,False,False,False,False,False,False,False,False,False,False,False,False,False,False,False,False,False,False,False,False,False,False,False,False,False,False,False,False,False,False,33,False,False,False,False,False,False,False,False,False,False,False,True,False,False,False,False,False,False,False,],Brown
Hat of the Magi,False,False,False,False,False,False,False,False,False,False,False,False,7500,False,False,False,False,False,False,False,of the Magi,False,False,False,True,True,True,True,False,False,False,False,False,False,False,True,False,0,False,3,0,0,0,False,False,False,HatOfTheMagi,0,15,False,False,True,False,False,True,False,False,False,True,False,True,False,False,False,False,False,False,False,False,False,False,False,False,False,False,False,False,False,False,False,33,False,False,False,False,False,False,False,True,False,False,False,False,False,False,False,False,False,False,False,],Brown
Hat of Ugliness,False,False,False,False,False,False,False,False,False,True,False,False,0,False,False,False,False,False,False,False,of Ugliness,False,False,False,False,False,False,False,False,False,False,False,False,False,False,False,False,0,False,5,0,0,0,False,False,False,HatOfUgliness,0,0,False,False,False,False,False,False,False,False,False,False,False,False,False,False,False,False,False,False,False,False,False,False,False,False,False,False,False,False,False,False,False,33,False,False,False,False,False,False,False,False,False,False,False,False,False,False,False,False,False,False,False,],Brown
Hat of Wisdom,False,False,False,False,False,False,False,False,False,False,False,False,500,False,False,False,False,False,False,False,of Wisdom,False,False,False,False,False,False,False,False,False,False,False,False,False,False,False,False,0,False,2,0,0,0,False,False,False,HatOfWisdom,0,13,False,False,False,False,False,False,False,False,False,False,False,False,False,False,False,False,False,False,False,False,False,False,False,False,False,False,False,False,False,False,False,33,False,False,False,False,False,False,False,False,False,True,False,False,False,False,False,True,False,False,False,],Brown
Orb of Acid,False,False,False,False,False,False,False,False,False,False,False,False,1000,False,False,False,False,False,False,False,of Acid,False,False,False,True,True,True,True,False,False,False,False,False,False,False,False,False,0,False,0,0,0,0,False,False,False,OrbOfAcid,0,0,False,False,True,False,False,False,False,False,False,False,False,False,False,False,False,False,False,False,False,False,False,False,False,False,False,False,False,False,False,False,False,0,False,False,False,False,False,False,False,False,False,False,False,False,False,False,False,False,False,False,False,~,Purple
Orb of Chaos,False,False,False,False,False,False,False,False,False,False,False,False,1000,False,False,False,False,False,False,False,of Chaos,False,False,False,True,True,True,True,False,False,False,False,False,False,False,False,False,0,False,0,0,0,0,False,False,False,OrbOfChaos,0,0,False,False,False,False,True,False,False,False,False,False,False,False,False,False,False,False,False,False,False,False,False,False,False,False,False,False,False,False,False,False,False,0,False,False,False,False,False,False,False,False,False,False,False,False,False,False,False,False,False,False,False,~,Purple
Orb of Charisma,False,False,False,False,False,False,False,False,False,False,False,False,1000,False,False,False,False,False,False,False,of Charisma,False,False,False,True,True,True,True,False,False,False,False,False,False,False,False,False,0,False,0,0,0,0,False,False,False,OrbOfCharisma,0,0,False,False,False,False,False,False,False,False,False,False,False,False,False,False,False,False,False,False,False,False,False,False,False,False,False,False,False,False,False,False,False,0,False,False,False,False,True,False,False,False,False,False,False,False,False,False,False,False,False,False,False,~,Purple
Orb of Clarity,False,False,False,False,False,False,False,False,False,False,False,False,1000,False,False,False,False,False,False,False,of Clarity,False,False,False,True,True,True,True,False,False,False,False,False,False,False,False,False,0,False,0,0,0,0,False,False,False,OrbOfClarity,0,0,False,False,False,False,False,False,True,False,False,False,False,False,False,False,False,False,False,False,False,False,False,False,False,False,False,False,False,False,False,False,False,0,False,False,False,False,False,False,False,False,False,False,False,False,False,False,False,False,False,False,False,~,Purple
Orb of Constitution,False,False,False,False,False,False,False,False,False,False,False,False,1000,False,False,False,False,False,False,False,of Constitution,False,False,False,True,True,True,True,False,False,False,False,False,False,False,False,False,0,False,0,0,0,0,False,False,False,OrbOfConstitution,0,0,False,False,False,False,False,False,False,False,False,False,False,False,False,False,False,False,False,False,False,False,False,False,False,False,False,False,False,False,False,False,False,0,False,False,False,False,False,True,False,False,False,False,False,False,False,False,False,False,False,False,False,~,Purple
Orb of Courage,False,False,False,False,False,False,False,False,False,False,False,False,1000,False,False,False,False,False,False,False,of Courage,False,False,False,True,True,True,True,False,False,False,False,False,False,False,False,False,0,False,0,0,0,0,False,False,False,OrbOfCourage,0,0,False,False,False,False,False,False,False,False,False,False,True,False,False,False,False,False,False,False,False,False,False,False,False,False,False,False,False,False,False,False,False,0,False,False,False,False,False,False,False,False,False,False,False,False,False,False,False,False,False,False,False,~,Purple
Orb of Darkness,False,False,False,False,False,False,False,False,False,False,False,False,1000,False,False,False,False,False,False,False,of Darkness,False,False,False,True,True,True,True,False,False,False,False,False,False,False,False,False,0,False,0,0,0,0,False,False,False,OrbOfDarkness,0,0,False,False,False,False,False,False,False,True,False,False,False,False,False,False,False,False,False,False,False,False,False,False,False,False,False,False,False,False,False,False,False,0,False,False,False,False,False,False,False,False,False,False,False,False,False,False,False,False,False,False,False,~,Purple
Orb of Dexterity,False,False,False,False,False,False,False,False,False,False,False,False,1000,False,False,False,False,False,False,False,of Dexterity,False,False,False,True,True,True,True,False,False,False,False,False,False,False,False,False,0,False,0,0,0,0,False,False,False,OrbOfDexterity,0,0,False,False,False,False,False,False,False,False,False,False,False,False,False,False,False,False,False,False,False,False,False,False,False,False,False,False,False,False,False,False,False,0,False,False,False,False,False,False,True,False,False,False,False,False,False,False,False,False,False,False,False,~,Purple
Orb of Flame,False,False,False,False,False,False,False,False,False,False,False,False,1000,False,False,False,False,False,False,False,of Flame,False,False,False,True,True,True,True,False,False,False,False,False,False,False,False,False,0,False,0,0,0,0,False,False,False,OrbOfFlame,0,0,False,False,False,False,False,False,False,False,False,False,False,True,False,False,False,False,False,False,False,False,False,False,False,False,False,False,False,False,False,False,False,0,False,False,False,False,False,False,False,False,False,False,False,False,False,False,False,False,False,False,False,~,Purple
Orb of Freedom,False,False,False,False,False,False,False,False,False,False,False,False,1000,False,False,False,False,False,False,True,of Freedom,False,False,False,True,True,True,True,False,False,False,False,False,False,False,False,False,0,False,0,0,0,0,False,False,False,OrbOfFreedom,0,0,False,False,False,False,False,False,False,False,False,False,False,False,False,False,False,False,False,False,False,False,False,False,False,False,False,False,False,False,False,False,False,0,False,False,False,False,False,False,False,False,False,False,False,False,False,False,False,False,False,False,False,~,Purple
Orb of Frost,False,False,False,False,False,False,False,False,False,False,False,False,1000,False,False,False,False,False,False,False,of Frost,False,False,False,True,True,True,True,False,False,False,False,False,False,False,False,False,0,False,0,0,0,0,False,False,False,OrbOfFrost,0,0,False,False,False,False,False,True,False,False,False,False,False,False,False,False,False,False,False,False,False,False,False,False,False,False,False,False,False,False,False,False,False,0,False,False,False,False,False,False,False,False,False,False,False,False,False,False,False,False,False,False,False,~,Purple
Orb of Health,False,False,False,False,False,False,False,False,False,False,False,False,1000,False,False,False,False,False,False,False,of Health,False,False,False,True,True,True,True,False,False,False,False,False,False,False,False,False,0,False,0,0,0,0,False,False,False,OrbOfHealth,0,0,False,True,False,False,False,False,False,False,False,False,False,False,False,False,False,False,False,False,False,False,False,False,False,False,False,False,False,False,False,False,False,0,False,False,False,False,False,False,False,False,False,False,False,False,False,False,False,False,False,False,False,~,Purple
Orb of Insight,False,False,False,False,False,False,False,False,False,False,False,False,1000,False,False,False,False,False,False,False,of Insight,False,False,False,True,True,True,True,False,False,False,False,False,False,False,False,False,0,False,0,0,0,0,False,False,False,OrbOfInsight,0,0,False,False,False,False,False,False,False,False,False,False,False,False,False,False,False,False,False,False,False,True,False,False,False,False,False,False,False,False,False,False,False,0,False,False,False,False,False,False,False,False,False,False,False,False,False,False,False,False,False,False,False,~,Purple
Orb of Instability,False,False,False,False,False,False,False,False,False,False,False,False,0,False,False,False,False,False,False,False,of Instability,False,False,False,True,True,True,True,False,False,False,False,False,False,False,False,False,0,False,0,0,0,0,False,False,False,OrbOfInstability,0,0,False,False,False,False,False,False,False,False,False,False,False,False,False,False,False,False,False,False,False,False,False,False,False,False,False,False,False,False,False,False,False,0,False,False,False,False,False,False,False,False,False,False,False,True,False,False,False,False,False,False,False,~,Purple
Orb of Intelligence,False,False,False,False,False,False,False,False,False,False,False,False,1000,False,False,False,False,False,False,False,of Intelligence,False,False,False,True,True,True,True,False,False,False,False,False,False,False,False,False,0,False,0,0,0,0,False,False,False,OrbOfIntelligence,0,0,False,False,False,False,False,False,False,False,False,False,False,False,False,False,False,False,False,False,False,False,False,False,False,False,False,False,False,False,False,False,False,0,False,False,False,False,False,False,False,True,False,False,False,False,False,False,False,False,False,False,False,~,Purple
Orb of Irritation,False,True,False,False,False,False,False,False,False,False,False,False,0,False,False,False,False,False,False,False,of Irritation,False,False,False,True,True,True,True,False,False,False,False,False,False,False,False,False,0,False,0,0,0,0,False,False,False,OrbOfIrritation,0,0,False,False,False,False,False,False,False,False,False,False,False,False,False,False,False,False,False,False,False,False,False,False,False,False,False,False,False,False,False,False,False,0,False,False,False,False,False,False,False,False,False,False,False,False,False,False,False,False,False,False,False,~,Purple
Orb of Life,False,False,False,False,False,False,False,False,False,False,False,False,1000,False,False,False,False,False,False,False,of Life,False,False,True,True,True,True,True,False,False,False,False,False,False,False,False,False,0,False,0,0,0,0,False,False,False,OrbOfLife,0,0,False,False,False,False,False,False,False,False,False,False,False,False,False,False,False,False,False,False,False,False,False,False,False,False,False,False,False,False,False,False,False,0,False,False,False,False,False,False,False,False,False,False,False,False,False,False,False,False,False,False,False,~,Purple
Orb of Light,False,False,False,False,False,False,False,False,False,False,False,False,1000,False,False,False,False,False,False,False,of Light,False,False,False,True,True,True,True,False,False,False,False,False,False,False,False,False,0,False,0,0,0,0,False,False,False,OrbOfLight,0,0,False,False,False,False,False,False,False,False,False,False,False,False,True,False,False,False,False,False,False,False,False,False,False,False,False,False,False,False,False,False,False,0,False,False,False,False,False,False,False,False,False,False,False,False,False,False,False,False,False,False,False,~,Purple
Orb of Lightness,False,False,False,False,False,False,False,False,False,False,False,False,1000,False,False,False,False,False,True,False,of Lightness,False,False,False,True,True,True,True,False,False,False,False,False,False,False,False,False,0,False,0,0,0,0,False,False,False,OrbOfLightness,0,0,False,False,False,False,False,False,False,False,False,False,False,False,False,False,False,False,False,False,False,False,False,False,False,False,False,False,False,False,False,False,False,0,False,False,False,False,False,False,False,False,False,False,False,False,False,False,False,False,False,False,False,~,Purple
Orb of Lightning,False,False,False,False,False,False,False,False,False,False,False,False,1000,False,False,False,False,False,False,False,of Lightning,False,False,False,True,True,True,True,False,False,False,False,False,False,False,False,False,0,False,0,0,0,0,False,False,False,OrbOfLightning,0,0,False,False,False,False,False,False,False,False,False,True,False,False,False,False,False,False,False,False,False,False,False,False,False,False,False,False,False,False,False,False,False,0,False,False,False,False,False,False,False,False,False,False,False,False,False,False,False,False,False,False,False,~,Purple
Orb of Magic,False,False,False,False,False,False,False,False,False,False,False,False,1000,False,False,False,False,False,False,False,of Magic,False,False,False,True,True,True,True,False,False,False,False,False,False,False,False,False,0,False,0,0,0,0,False,False,False,OrbOfMagic,0,0,False,False,False,False,False,False,False,False,True,False,False,False,False,False,False,False,False,False,False,False,False,False,False,False,False,False,False,False,False,False,False,0,False,False,False,False,False,False,False,False,False,False,False,False,False,False,False,False,False,False,False,~,Purple
Orb of Power,False,False,False,False,False,False,False,False,False,False,False,False,10000,False,False,False,False,False,False,False,of Power,False,False,False,True,True,True,True,False,False,False,False,False,False,False,False,False,0,False,0,0,0,0,False,False,False,OrbOfPower,0,0,False,False,False,False,False,False,False,False,False,False,False,False,False,False,False,False,False,False,False,False,False,False,False,False,False,False,False,False,False,False,False,0,False,False,False,False,False,False,False,False,False,False,False,False,False,False,False,False,False,False,False,~,Purple
Orb of Shards,False,False,False,False,False,False,False,False,False,False,False,False,1000,False,False,False,False,False,False,False,of Shards,False,False,False,True,True,True,True,False,False,False,False,False,False,False,False,False,0,False,0,0,0,0,False,False,False,OrbOfShards,0,0,False,False,False,False,False,False,False,False,False,False,False,False,False,False,False,False,True,False,False,False,False,False,False,False,False,False,False,False,False,False,False,0,False,False,False,False,False,False,False,False,False,False,False,False,False,False,False,False,False,False,False,~,Purple
Orb of Sight,False,False,False,False,False,False,False,False,False,False,False,False,1000,False,False,False,False,False,False,False,of Sight,False,False,False,True,True,True,True,False,False,False,False,False,False,False,False,False,0,False,0,0,0,0,False,False,False,OrbOfSight,0,0,False,False,False,True,False,False,False,False,False,False,False,False,False,False,False,False,False,False,False,False,False,False,False,False,False,False,False,False,False,False,False,0,False,False,False,False,False,False,False,False,False,False,False,False,False,False,False,False,False,False,False,~,Purple
Orb of Sound,False,False,False,False,False,False,False,False,False,False,False,False,1000,False,False,False,False,False,False,False,of Sound,False,False,False,True,True,True,True,False,False,False,False,False,False,False,False,False,0,False,0,0,0,0,False,False,False,OrbOfSound,0,0,False,False,False,False,False,False,False,False,False,False,False,False,False,False,False,False,False,True,False,False,False,False,False,False,False,False,False,False,False,False,False,0,False,False,False,False,False,False,False,False,False,False,False,False,False,False,False,False,False,False,False,~,Purple
Orb of Stability,False,False,False,False,False,False,False,False,False,False,False,False,1000,False,False,False,False,False,False,False,of Stability,False,False,False,True,True,True,True,False,False,False,False,False,False,False,False,False,0,False,0,0,0,0,False,False,False,OrbOfStability,0,0,False,False,False,False,False,False,False,False,False,False,False,False,False,False,True,False,False,False,False,False,False,False,False,False,False,False,False,False,False,False,False,0,False,False,False,False,False,False,False,False,False,False,False,False,False,False,False,False,False,False,False,~,Purple
Orb of Strength,False,False,False,False,False,False,False,False,False,False,False,False,1000,False,False,False,False,False,False,False,of Strength,False,False,False,True,True,True,True,False,False,False,False,False,False,False,False,False,0,False,0,0,0,0,False,False,False,OrbOfStrength,0,0,False,False,False,False,False,False,False,False,False,False,False,False,False,False,False,False,False,False,False,False,False,False,False,False,False,False,False,False,False,False,False,0,False,False,False,False,False,False,False,False,True,False,False,False,False,False,False,False,False,False,False,~,Purple
Orb of Sustenance,False,False,False,False,False,False,False,False,False,False,False,False,1000,False,False,False,False,False,False,False,of Sustenance,False,False,False,True,True,True,True,False,False,False,False,False,False,False,False,False,0,False,0,0,0,0,False,False,False,OrbOfSustenance,0,0,False,False,False,False,False,False,False,False,False,False,False,False,False,False,False,False,False,False,False,False,False,False,False,False,False,False,False,False,False,False,False,0,True,False,False,False,False,False,False,False,False,False,False,False,False,False,False,False,False,False,False,~,Purple
Orb of the Mind,False,False,False,False,False,False,False,False,False,False,False,False,1000,False,False,False,False,False,False,False,of the Mind,False,False,False,True,True,True,True,False,False,False,False,False,False,False,False,False,0,False,0,0,0,0,False,False,False,OrbOfTheMind,0,0,False,False,False,False,False,False,False,False,False,False,False,False,False,False,False,False,False,False,False,False,False,False,False,False,False,False,False,False,False,False,False,0,False,False,False,False,False,False,False,False,False,False,True,False,False,False,False,False,False,False,False,~,Purple
Orb of Unlife,False,False,False,False,False,False,False,False,False,False,False,False,1000,False,False,False,False,False,False,False,of Unlife,False,False,False,True,True,True,True,False,False,False,False,False,False,False,False,False,0,False,0,0,0,0,False,False,False,OrbOfUnlife,0,0,False,False,False,False,False,False,False,False,False,False,False,False,False,True,False,False,False,False,False,False,False,False,False,False,False,False,False,False,False,False,False,0,False,False,False,False,False,False,False,False,False,False,False,False,False,False,False,False,False,False,False,~,Purple
Orb of Venom,False,False,False,False,False,False,False,False,False,False,False,False,1000,False,False,False,False,False,False,False,of Venom,False,False,False,True,True,True,True,False,False,False,False,False,False,False,False,False,0,False,0,0,0,0,False,False,False,OrbOfVenom,0,0,False,False,False,False,False,False,False,False,False,False,False,False,False,False,False,True,False,False,False,False,False,False,False,False,False,False,False,False,False,False,False,0,False,False,False,False,False,False,False,False,False,False,False,False,False,False,False,False,False,False,False,~,Purple
Orb of Wisdom,False,False,False,False,False,False,False,False,False,False,False,False,1000,False,False,False,False,False,False,False,of Wisdom,False,False,False,True,True,True,True,False,False,False,False,False,False,False,False,False,0,False,0,0,0,0,False,False,False,OrbOfWisdom,0,0,False,False,False,False,False,False,False,False,False,False,False,False,False,False,False,False,False,False,False,False,False,False,False,False,False,False,False,False,False,False,False,0,False,False,False,False,False,False,False,False,False,True,False,False,False,False,False,False,False,False,False,~,Purple
Shield of Reflection,False,False,False,False,False,False,False,False,False,False,False,False,15000,False,False,False,False,False,False,False,of Reflection,False,False,False,True,True,True,True,False,False,False,False,False,False,False,False,False,0,False,0,5,0,0,False,False,False,ShieldOfReflection,0,20,True,False,False,False,False,False,False,False,False,False,False,False,False,False,False,False,False,False,False,False,False,False,False,False,False,False,False,False,False,False,False,32,False,False,False,False,False,False,False,False,False,False,False,False,False,False,False,False,False,False,False,),Brown
Shield of Resist Acid,False,False,False,False,False,False,False,False,False,False,False,False,1000,False,False,False,False,False,False,False,of Resist Acid,False,False,False,True,False,False,False,False,False,False,False,False,False,False,False,False,0,False,0,0,0,0,False,False,False,ShieldOfResistAcid,0,16,False,False,True,False,False,False,False,False,False,False,False,False,False,False,False,False,False,False,False,False,False,False,False,False,False,False,False,False,False,False,False,32,False,False,False,False,False,False,False,False,False,False,False,False,False,False,False,False,False,False,False,),Brown
Shield of Resist Cold,False,False,False,False,False,False,False,False,False,False,False,False,600,False,False,False,False,False,False,False,of Resist Cold,False,False,False,False,True,False,False,False,False,False,False,False,False,False,False,False,0,False,0,0,0,0,False,False,False,ShieldOfResistCold,0,12,False,False,False,False,False,True,False,False,False,False,False,False,False,False,False,False,False,False,False,False,False,False,False,False,False,False,False,False,False,False,False,32,False,False,False,False,False,False,False,False,False,False,False,False,False,False,False,False,False,False,False,),Brown
Shield of Resist Fire,False,False,False,False,False,False,False,False,False,False,False,False,800,False,False,False,False,False,False,False,of Resist Fire,False,False,False,False,False,False,True,False,False,False,False,False,False,False,False,False,0,False,0,0,0,0,False,False,False,ShieldOfResistFire,0,14,False,False,False,False,False,False,False,False,False,False,False,True,False,False,False,False,False,False,False,False,False,False,False,False,False,False,False,False,False,False,False,32,False,False,False,False,False,False,False,False,False,False,False,False,False,False,False,False,False,False,False,),Brown
Shield of Resist Lightning,False,False,False,False,False,False,False,False,False,False,False,False,400,False,False,False,False,False,False,False,of Resist Lightning,False,False,False,False,False,True,False,False,False,False,False,False,False,False,False,False,0,False,0,0,0,0,False,False,False,ShieldOfResistLightning,0,10,False,False,False,False,False,False,False,False,False,True,False,False,False,False,False,False,False,False,False,False,False,False,False,False,False,False,False,False,False,False,False,32,False,False,False,False,False,False,False,False,False,False,False,False,False,False,False,False,False,False,False,),Brown
Shield of Resistance,False,False,False,False,False,False,False,False,False,False,False,False,12500,False,False,False,False,False,False,False,of Resistance,False,False,False,True,True,True,True,False,False,False,False,False,False,False,False,False,0,False,0,10,0,0,False,False,False,ShieldOfResistance,0,20,False,False,True,False,False,True,False,False,False,True,False,True,False,False,False,False,False,False,False,False,False,False,False,False,False,False,False,False,False,False,False,32,False,False,False,False,False,False,False,False,False,False,False,False,False,False,False,False,False,False,False,),Brown
Special Ability,False,False,False,False,False,False,False,False,False,False,False,False,0,False,False,False,False,False,False,False,,False,False,False,False,False,False,False,False,False,False,False,False,False,False,False,False,0,False,0,0,0,0,False,False,False,SpecialAbility,0,0,False,False,False,False,False,False,False,False,False,False,False,False,False,False,False,False,False,False,False,False,False,False,False,False,False,False,False,False,False,False,False,0,False,False,False,False,False,False,False,False,False,False,False,False,False,False,False,False,False,False,False,x,White
Special Power,False,False,False,False,False,False,False,False,False,False,False,False,0,False,False,False,False,False,False,False,,False,False,False,False,False,False,False,False,False,False,False,False,False,False,False,False,0,False,0,0,0,0,False,False,False,SpecialPower,0,0,False,False,False,False,False,False,False,False,False,False,False,False,False,False,False,False,False,False,False,False,False,False,False,False,False,False,False,False,False,False,False,0,False,False,False,False,False,False,False,False,False,False,False,False,False,False,False,False,False,False,False,x,White
Special Sustain,False,False,False,False,False,False,False,False,False,False,False,False,0,False,False,False,False,False,False,False,,False,False,False,False,False,False,False,False,False,False,False,False,False,False,False,False,0,False,0,0,0,0,False,False,False,SpecialSustain,0,0,False,False,False,False,False,False,False,False,False,False,False,False,False,False,False,False,False,False,False,False,False,False,False,False,False,False,False,False,False,False,False,0,False,False,False,False,False,False,False,False,False,False,False,False,False,False,False,False,False,False,False,x,White
Weapon (Blessed),False,False,True,False,False,False,False,False,False,False,False,False,5000,False,False,False,False,False,False,False,(Blessed),False,False,False,False,False,False,False,False,False,False,False,False,False,False,False,False,0,False,3,0,0,0,False,False,False,WeaponBlessed,0,20,False,False,False,False,False,False,False,False,False,False,False,False,False,False,False,False,False,False,False,False,False,False,False,False,False,False,False,False,False,False,False,24,False,False,False,False,False,False,False,False,False,False,False,False,False,False,False,True,False,False,False,|,BrightWhite
Weapon (Chaotic),False,False,False,False,False,False,False,False,False,False,True,False,10000,False,False,False,False,False,False,False,(Chaotic),False,False,False,True,False,True,True,False,False,False,False,False,False,False,False,False,0,False,0,0,0,0,False,False,False,WeaponChaotic,0,28,False,False,False,False,True,False,False,False,False,False,False,False,False,False,False,False,False,False,False,False,False,False,False,False,False,False,False,False,False,False,False,24,False,False,False,False,False,False,False,False,False,False,False,False,False,False,False,False,False,False,False,|,BrightWhite
Weapon (Defender),False,False,False,False,False,False,False,False,False,False,False,False,15000,False,False,False,False,False,True,True,(Defender),False,False,False,True,True,True,True,False,False,False,False,False,False,False,False,False,0,False,4,8,4,4,False,False,False,WeaponDefender,0,25,False,True,True,False,False,True,False,False,False,True,False,True,False,False,False,False,False,False,False,True,False,False,False,False,False,False,False,False,False,False,False,24,False,False,True,False,False,False,False,False,False,False,False,False,False,False,False,False,False,False,False,|,BrightWhite
Weapon (Elder Sign Inscribed),False,False,True,False,False,False,False,False,False,False,False,False,20000,False,False,False,False,False,False,False,(Elder Sign Inscribed),False,False,False,False,False,False,False,False,False,False,False,False,False,False,False,False,0,False,4,4,6,6,False,False,False,WeaponElderSign,0,30,False,False,False,False,False,False,False,False,False,False,True,False,False,False,False,False,False,False,False,True,False,False,False,False,True,False,True,False,False,False,True,24,False,False,False,False,False,False,False,False,False,False,False,False,False,False,False,True,False,False,False,|,BrightWhite
Weapon (Planar Weapon),True,False,False,False,False,False,False,False,False,False,False,False,7000,False,False,False,False,False,False,True,(Planar Weapon),False,False,False,False,False,False,False,False,False,False,False,False,False,False,False,False,0,False,2,0,4,4,False,False,False,WeaponPlanarWeapon,0,22,False,True,False,False,False,False,False,False,False,False,False,False,False,False,True,False,False,False,True,False,False,False,False,False,False,False,True,False,False,False,False,24,True,False,False,False,False,False,False,False,False,False,False,True,False,False,False,False,False,False,False,|,BrightWhite
Weapon (Shattered),False,False,False,False,False,False,False,False,False,False,False,False,0,False,False,False,False,False,False,False,(Shattered),False,False,False,False,False,False,False,False,False,False,False,False,False,False,False,False,0,False,0,0,5,5,False,False,False,WeaponShattered,0,0,False,False,False,False,False,False,False,False,False,False,False,False,False,False,False,False,False,False,False,False,False,False,False,False,False,False,False,False,False,False,False,24,False,False,False,False,False,False,False,False,False,False,False,False,False,False,False,False,False,False,False,|,BrightWhite
Weapon (Vampiric),False,False,False,False,False,False,False,False,False,False,False,False,10000,False,False,False,False,False,False,False,(Vampiric),False,False,True,False,False,False,False,False,False,False,False,False,False,False,False,False,0,False,0,0,0,0,False,False,False,WeaponVampiric,0,25,False,False,False,False,False,False,False,False,False,False,False,False,False,False,False,False,False,False,False,False,False,False,False,False,False,False,False,False,False,False,False,24,False,False,False,False,False,False,False,False,False,False,False,False,False,True,False,False,False,False,False,|,BrightWhite
Weapon (Weapon of Law),False,False,False,False,False,False,False,False,False,False,False,True,25000,False,False,False,False,False,False,True,(Weapon of Law),False,False,False,False,False,False,False,False,False,False,False,False,False,False,False,False,0,False,2,0,6,6,False,False,False,WeaponOfLaw,0,26,False,False,False,False,False,False,False,False,False,False,False,False,False,False,False,False,False,False,False,True,False,False,False,False,True,False,True,False,False,False,True,24,False,False,False,True,False,False,False,False,False,False,False,False,False,False,False,False,False,False,False,|,BrightWhite
Weapon of Animal Bane,False,False,False,False,False,False,False,False,False,False,False,False,6000,False,False,False,False,False,False,False,of Animal Bane,False,False,False,False,False,False,False,False,False,False,False,False,False,False,True,False,0,False,2,0,0,0,False,False,False,WeaponOfAnimalBane,0,20,False,True,False,False,False,False,False,False,False,False,False,False,False,False,False,False,False,False,False,False,False,False,False,True,False,False,False,False,False,False,False,24,False,False,False,False,False,False,False,False,False,False,False,False,False,False,False,False,False,False,False,|,BrightWhite
Weapon of Burning,False,False,False,False,False,False,False,True,False,False,False,False,3000,False,False,False,False,False,False,False,of Burning,False,False,False,False,False,False,True,False,False,False,False,False,False,False,False,False,0,True,0,0,0,0,False,False,False,WeaponOfBurning,0,20,False,False,False,False,False,False,False,False,False,False,False,True,False,False,False,False,False,False,False,False,False,False,False,False,False,False,False,False,False,False,False,24,False,False,False,False,False,False,False,False,False,False,False,False,False,False,False,False,False,False,False,|,BrightWhite
Weapon of Digging,False,False,False,False,True,False,False,False,False,False,False,False,500,False,False,False,False,False,False,False,of Digging,False,False,False,True,True,True,True,False,False,False,False,False,False,False,False,False,0,False,5,0,0,0,False,False,False,WeaponOfDigging,0,4,False,False,False,False,False,False,False,False,False,False,False,False,False,False,False,False,False,False,False,False,False,False,False,False,False,False,False,False,False,False,False,24,False,False,False,False,False,False,False,False,False,False,False,False,True,False,False,False,False,False,False,|,BrightWhite
Weapon of Dragon Bane,False,False,False,False,False,False,False,False,False,False,False,True,6000,False,False,False,False,False,False,False,of Dragon Bane,False,False,False,False,False,False,False,False,False,False,False,False,False,False,False,True,0,False,1,0,0,0,False,False,False,WeaponOfDragonBane,0,24,False,False,False,False,False,False,False,False,False,False,False,False,False,False,False,False,False,False,False,False,False,False,False,False,False,True,False,False,False,False,False,24,False,False,False,False,False,False,False,False,False,False,False,False,False,False,False,False,False,False,False,|,BrightWhite
Weapon of Earthquakes,False,False,False,False,False,False,False,False,False,False,False,False,4000,False,False,False,False,False,False,False,of Earthquakes,False,False,False,False,False,False,False,False,False,False,False,True,False,False,False,False,0,False,3,0,0,0,False,False,False,WeaponOfEarthquakes,0,20,False,False,False,False,False,False,False,False,False,False,False,False,False,False,False,False,False,False,False,False,False,False,False,False,False,False,False,False,False,False,False,24,False,False,False,False,False,False,False,False,False,False,False,False,True,False,False,False,False,False,False,|,BrightWhite
Weapon of Evil Bane,False,False,True,False,False,False,False,False,False,False,False,False,5000,False,False,False,False,False,False,False,of Evil Bane,False,False,False,False,False,False,False,False,False,False,False,False,False,False,False,False,0,False,2,0,0,0,False,False,False,WeaponOfEvilBane,0,20,False,False,False,False,False,False,False,False,False,False,False,False,False,False,False,False,False,False,False,False,False,False,False,False,False,False,True,False,False,False,False,24,False,False,False,False,False,False,False,False,False,False,False,False,False,False,False,True,False,False,False,|,BrightWhite
Weapon of Extra Attacks,False,False,False,True,False,False,False,False,False,False,False,False,10000,False,False,False,False,False,False,False,of Extra Attacks,False,False,False,False,False,False,False,False,False,False,False,False,False,False,False,False,0,False,3,0,0,0,False,False,False,WeaponOfExtraAttacks,0,20,False,False,False,False,False,False,False,False,False,False,False,False,False,False,False,False,False,False,False,False,False,False,False,False,False,False,False,False,False,False,False,24,False,False,False,False,False,False,False,False,False,False,False,False,False,False,False,False,False,False,False,|,BrightWhite
Weapon of Freezing,False,False,False,False,False,True,False,False,False,False,False,False,2500,False,False,False,False,False,False,False,of Freezing,False,False,False,False,True,False,False,False,False,False,False,False,False,False,False,False,0,False,0,0,0,0,False,False,False,WeaponOfFreezing,0,15,False,False,False,False,False,True,False,False,False,False,False,False,False,False,False,False,False,False,False,False,False,False,False,False,False,False,False,False,False,False,False,24,False,False,False,False,False,False,False,False,False,False,False,False,False,False,False,False,False,False,False,|,BrightWhite
Weapon of Kadath,False,False,False,False,False,False,False,False,False,False,False,True,20000,False,True,False,False,False,False,True,of Kadath,False,False,False,False,False,False,False,False,False,False,False,False,False,False,False,False,0,False,2,0,5,5,False,False,False,WeaponOfKadath,0,20,False,False,False,False,False,False,False,False,False,False,False,False,False,False,False,False,False,False,False,True,False,False,False,False,False,False,False,True,True,True,False,24,False,False,False,True,False,False,False,False,False,False,False,False,False,False,False,False,False,False,False,|,BrightWhite
Weapon of Leng,False,True,False,False,False,False,False,False,False,False,False,False,0,True,False,False,False,False,False,False,of Leng,True,False,False,False,False,False,False,False,False,False,False,False,False,False,False,False,0,False,0,10,20,20,False,False,False,WeaponOfLeng,0,0,False,False,False,False,False,False,False,False,False,False,False,False,False,False,False,False,False,False,False,True,False,False,False,False,False,False,False,False,False,False,False,24,False,False,False,False,False,False,False,False,False,False,False,False,False,False,False,False,False,False,False,|,BrightWhite
Weapon of Poisoning,False,False,False,False,False,False,False,False,True,False,False,False,4500,False,False,False,False,False,False,False,of Poisoning,False,False,False,False,False,False,False,False,False,False,False,False,False,False,False,False,0,False,0,0,0,0,False,False,False,WeaponOfPoisoning,0,20,False,False,False,False,False,False,False,False,False,False,False,False,False,False,False,True,False,False,False,False,False,False,False,False,False,False,False,False,False,False,False,24,False,False,False,False,False,False,False,False,False,False,False,False,False,False,False,False,False,False,False,|,BrightWhite
Weapon of Sharpness,False,False,False,False,False,False,False,False,False,False,False,False,5000,False,False,False,False,False,False,False,of Sharpness,False,False,False,False,False,False,False,False,False,False,False,False,False,False,False,False,0,False,0,0,0,0,False,False,False,WeaponOfSharpness,0,20,False,False,False,False,False,False,False,False,False,False,False,False,False,False,False,False,False,False,False,False,False,False,False,False,False,False,False,False,False,False,False,24,False,False,False,False,False,False,False,False,False,False,False,False,True,False,True,False,False,False,False,|,BrightWhite
Weapon of Shocking,False,False,False,False,False,False,True,False,False,False,False,False,4500,False,False,False,False,False,False,False,of Shocking,False,False,False,False,False,True,False,False,False,False,False,False,False,False,False,False,0,False,0,0,0,0,False,False,False,WeaponOfShocking,0,20,False,False,False,False,False,False,False,False,False,True,False,False,False,False,False,False,False,False,False,False,False,False,False,False,False,False,False,False,False,False,False,24,False,False,False,False,False,False,False,False,False,False,False,False,False,False,False,False,False,False,False,|,BrightWhite
Weapon of Slay Animal,False,False,False,False,False,False,False,False,False,False,False,False,3500,False,False,False,False,False,False,False,of Slay Animal,False,False,False,False,False,False,False,False,False,False,False,False,False,False,False,False,0,False,0,0,0,0,False,False,False,WeaponOfSlayAnimal,0,18,False,False,False,False,False,False,False,False,False,False,False,False,False,False,False,False,False,False,False,False,False,False,False,True,False,False,False,False,False,False,False,24,False,False,False,False,False,False,False,False,False,False,False,False,False,False,False,False,False,False,False,|,BrightWhite
Weapon of Slay Demon,False,False,False,False,False,False,False,False,False,False,False,False,2500,False,False,False,False,False,False,False,of Slay Demon,False,False,False,False,False,False,False,False,False,False,False,False,False,False,False,False,0,False,0,0,0,0,False,False,False,WeaponOfSlayDemon,0,14,False,False,False,False,False,False,False,False,False,False,False,False,False,False,False,False,False,False,False,False,False,False,False,False,True,False,False,False,False,False,False,24,False,False,False,False,False,False,False,False,False,False,False,False,False,False,False,False,False,False,False,|,BrightWhite
Weapon of Slay Dragon,False,False,False,False,False,False,False,False,False,False,False,False,3500,False,False,False,False,False,False,False,of Slay Dragon,False,False,False,False,False,False,False,False,False,False,False,False,False,False,False,False,0,False,0,0,0,0,False,False,False,WeaponOfSlayDragon,0,18,False,False,False,False,False,False,False,False,False,False,False,False,False,False,False,False,False,False,False,False,False,False,False,False,False,True,False,False,False,False,False,24,False,False,False,False,False,False,False,False,False,False,False,False,False,False,False,False,False,False,False,|,BrightWhite
Weapon of Slay Evil,False,False,False,False,False,False,False,False,False,False,False,False,3500,False,False,False,False,False,False,False,of Slay Evil,False,False,False,False,False,False,False,False,False,False,False,False,False,False,False,False,0,False,0,0,0,0,False,False,False,WeaponOfSlayEvil,0,18,False,False,False,False,False,False,False,False,False,False,False,False,False,False,False,False,False,False,False,False,False,False,False,False,False,False,True,False,False,False,False,24,False,False,False,False,False,False,False,False,False,False,False,False,False,False,False,False,False,False,False,|,BrightWhite
Weapon of Slay Giant,False,False,False,False,False,False,False,False,False,False,False,False,2500,False,False,False,False,False,False,False,of Slay Giant,False,False,False,False,False,False,False,False,False,False,False,False,False,False,False,False,0,False,0,0,0,0,False,False,False,WeaponOfSlayGiant,0,14,False,False,False,False,False,False,False,False,False,False,False,False,False,False,False,False,False,False,False,False,False,False,False,False,False,False,False,True,False,False,False,24,False,False,False,False,False,False,False,False,False,False,False,False,False,False,False,False,False,False,False,|,BrightWhite
Weapon of Slay Orc,False,False,False,False,False,False,False,False,False,False,False,False,2500,False,False,False,False,False,False,False,of Slay Orc,False,False,False,False,False,False,False,False,False,False,False,False,False,False,False,False,0,False,0,0,0,0,False,False,False,WeaponOfSlayOrc,0,10,False,False,False,False,False,False,False,False,False,False,False,False,False,False,False,False,False,False,False,False,False,False,False,False,False,False,False,False,True,False,False,24,False,False,False,False,False,False,False,False,False,False,False,False,False,False,False,False,False,False,False,|,BrightWhite
Weapon of Slay Troll,False,False,False,False,False,False,False,False,False,False,False,False,2500,False,False,False,False,False,False,False,of Slay Troll,False,False,False,False,False,False,False,False,False,False,False,False,False,False,False,False,0,False,0,0,0,0,False,False,False,WeaponOfSlayTroll,0,10,False,False,False,False,False,False,False,False,False,False,False,False,False,False,False,False,False,False,False,False,False,False,False,False,False,False,False,False,False,True,False,24,False,False,False,False,False,False,False,False,False,False,False,False,False,False,False,False,False,False,False,|,BrightWhite
Weapon of Slay Undead,False,False,False,False,False,False,False,False,False,False,False,False,3500,False,False,False,False,False,False,False,of Slay Undead,False,False,False,False,False,False,False,False,False,False,False,False,False,False,False,False,0,False,0,0,0,0,False,False,False,WeaponOfSlayUndead,0,18,False,False,False,False,False,False,False,False,False,False,False,False,False,False,False,False,False,False,False,False,False,False,False,False,False,False,False,False,False,False,True,24,False,False,False,False,False,False,False,False,False,False,False,False,False,False,False,False,False,False,False,|,BrightWhite
Weapon of Slaying,False,False,False,False,False,False,False,False,False,False,False,False,2500,False,False,False,False,False,False,False,of Slaying,False,False,False,False,False,False,False,False,False,False,False,False,False,False,False,False,0,False,0,0,0,0,False,False,False,WeaponOfSlaying,0,15,False,False,False,False,False,False,False,False,False,False,False,False,False,False,False,False,False,False,False,False,False,False,False,False,False,False,False,False,False,False,False,24,False,False,False,False,False,False,False,False,False,False,False,False,False,False,False,False,False,False,False,|,BrightWhite
Weapon of Undead Bane,False,False,False,False,False,False,False,False,False,False,False,False,8000,False,False,False,False,False,False,False,of Undead Bane,False,False,False,False,False,False,False,False,False,False,False,False,False,False,False,False,0,False,2,0,0,0,False,False,False,WeaponOfUndeadBane,0,24,False,False,False,False,False,False,False,False,False,False,False,False,False,False,False,False,False,False,False,True,False,False,False,False,False,False,False,False,False,False,True,24,False,False,False,False,False,False,False,False,False,False,False,False,False,False,False,True,False,False,False,|,BrightWhite
Weapon of Vitriol,False,False,False,False,True,False,False,False,False,False,False,False,8000,False,False,False,False,False,False,False,of Vitriol,False,False,False,True,False,False,False,False,False,False,False,False,False,False,False,False,0,False,0,0,0,0,False,False,False,WeaponOfVitriol,0,15,False,False,True,False,False,False,False,False,False,False,False,False,False,False,False,False,False,False,False,False,False,False,False,False,False,False,False,False,False,False,False,24,False,False,False,False,False,False,False,False,False,False,False,False,False,False,False,False,False,False,False,|,BrightWhite
